,source,destination,cost
0,7172,7186,4.157829571493036
1,7186,7162,3.839651850233221
2,7162,7168,3.7960608027313034
3,7162,7158,4.817942910165333
4,7186,7181,3.707173241787053
5,7181,7164,4.204758910896597
6,7164,7171,4.193170745657264
7,7171,7166,4.109478147834525
8,7166,7189,3.649562297125893
9,7181,7188,3.2166407819734038
10,7188,7155,3.1412583232709945
11,7155,7180,10.949533254911627
12,7186,7173,5.106572516304306
